,short_title,url,datetime_local,popularity,score,venue_name,venue_extended_address,stats_listing_count,stats_average_price,stats_lowest_price_good_deals,stats_lowest_price,stats_highest_price,event_promotion
0,Waitress,https://seatgeek.com/waitress-tickets/barrymore-theatre-2021-11-15-7-pm/broadway/5537341,2021-11-15T19:00:00,0.634,0.407,Barrymore Theatre,"New York, NY 10036",2.0,314.0,324.0,304.0,333.0,
1,Company - New York,https://seatgeek.com/company-new-york-tickets/bernard-b-jacobs-theatre-2021-11-15-8-pm/broadway/5501169,2021-11-15T20:00:00,0.57,0.328,Bernard B. Jacobs Theatre,"New York, NY 10036",1.0,1281.0,,1281.0,1314.0,
2,Chicago (Musical) - New York,https://seatgeek.com/chicago-musical-new-york-tickets/ambassador-theatre-2021-11-15-8-pm/broadway/5351359,2021-11-15T20:00:00,0.609,0.392,Ambassador Theatre,"New York, NY 10019",1.0,285.0,,285.0,292.0,
3,Six the Musical - New York,https://seatgeek.com/six-the-musical-new-york-tickets/brooks-atkinson-theatre-2021-11-15-8-pm/broadway/5401209,2021-11-15T20:00:00,0.616,0.398,Brooks Atkinson Theatre,"New York, NY 10036",20.0,513.0,101.0,66.0,1642.0,
4,Chicken and Biscuits - New York,https://seatgeek.com/chicken-and-biscuits-new-york-tickets/circle-in-the-square-theatre-2021-11-16-7-pm/broadway/5530785,2021-11-16T19:00:00,0.585,0.359,Circle In The Square Theatre,"New York, NY 10019",1.0,236.0,,233.0,239.0,
5,To Kill a Mockingbird - New York,https://seatgeek.com/to-kill-a-mockingbird-new-york-tickets/shubert-theatre-1-2021-11-16-7-pm/broadway/5421791,2021-11-16T19:00:00,0.621,0.411,Shubert Theatre,"New York, NY 10036",65.0,1082.0,117.0,108.0,2144.0,
6,Aladdin - New York,https://seatgeek.com/aladdin-new-york-tickets/new-amsterdam-theatre-2021-11-16-7-pm/broadway/5315349,2021-11-16T19:00:00,0.646,0.493,New Amsterdam Theatre,"New York, NY 10036",99.0,437.0,109.0,106.0,1316.0,
7,"Caroline, or Change - New York",https://seatgeek.com/caroline-or-change-new-york-tickets/studio-54-2021-11-16-7-pm/broadway/5485138,2021-11-16T19:00:00,0.587,0.365,Studio 54,"New York, NY 10019",32.0,846.0,516.0,516.0,1314.0,
8,Hadestown,https://seatgeek.com/hadestown-tickets/walter-kerr-theatre-2021-11-16-7-pm/broadway/5383417,2021-11-16T19:00:00,0.828,0.676,Walter Kerr Theatre,"New York, NY 10036",10.0,155.0,142.0,142.0,173.0,
9,Clyde's - New York,https://seatgeek.com/clydes-new-york-tickets/helen-hayes-theatre-2021-11-16-7-pm/broadway/5539099,2021-11-16T19:00:00,0.597,0.373,Helen Hayes Theatre,"New York, NY 10036",10.0,1039.0,643.0,643.0,1445.0,
10,Waitress - New York,https://seatgeek.com/waitress-new-york-tickets/barrymore-theatre-2021-11-16-7-pm/broadway/5447022,2021-11-16T19:00:00,0.61,0.401,Barrymore Theatre,"New York, NY 10036",71.0,412.0,154.0,154.0,627.0,
11,The Lehman Trilogy - New York,https://seatgeek.com/the-lehman-trilogy-new-york-tickets/nederlander-theatre-2021-11-16-7-pm/broadway/5418137,2021-11-16T19:00:00,0.597,0.383,Nederlander Theatre,"New York, NY 10036",57.0,575.0,179.0,99.0,1905.0,
12,TINA - The Tina Turner Musical - New York,https://seatgeek.com/tina-the-tina-turner-musical-new-york-tickets/lunt-fontanne-theatre-2021-11-16-7-pm/broadway/5406677,2021-11-16T19:00:00,0.601,0.397,Lunt-Fontanne Theatre,"New York, NY 10036",128.0,525.0,140.0,134.0,1570.0,
13,Jagged Little Pill - New York,https://seatgeek.com/jagged-little-pill-new-york-tickets/broadhurst-theatre-2021-11-16-7-pm/broadway/5351762,2021-11-16T19:00:00,0.571,0.358,Broadhurst Theatre,"New York, NY 10036",88.0,540.0,119.0,119.0,1347.0,
14,Come From Away - New York,https://seatgeek.com/come-from-away-new-york-tickets/gerald-schoenfeld-theatre-2021-11-16-7-pm/broadway/5401815,2021-11-16T19:00:00,0.609,0.413,Gerald Schoenfeld Theatre,"New York, NY 10036",66.0,465.0,106.0,106.0,962.0,
15,Wicked - New York,https://seatgeek.com/wicked-new-york-tickets/gershwin-theatre-2021-11-16-7-pm/broadway/5405172,2021-11-16T19:00:00,0.608,0.447,Gershwin Theatre,"New York, NY 10019",126.0,388.0,160.0,160.0,824.0,
16,The Lion King - New York,https://seatgeek.com/the-lion-king-new-york-tickets/minskoff-theatre-2021-11-16-7-pm/broadway/5315513,2021-11-16T19:00:00,0.624,0.449,Minskoff Theatre,"New York, NY 10036",79.0,432.0,130.0,130.0,1136.0,
17,The Book of Mormon,https://seatgeek.com/the-book-of-mormon-tickets/eugene-o-neill-theatre-2021-11-16-7-pm/broadway/5424183,2021-11-16T19:00:00,0.791,0.648,Eugene O'Neill Theatre,"New York, NY 10019",76.0,135.0,100.0,100.0,195.0,
18,Six the Musical - New York,https://seatgeek.com/six-the-musical-new-york-tickets/brooks-atkinson-theatre-2021-11-16-8-pm/broadway/5484352,2021-11-16T20:00:00,0.623,0.411,Brooks Atkinson Theatre,"New York, NY 10036",63.0,786.0,337.0,162.0,1642.0,
19,Flying Over Sunset - New York,https://seatgeek.com/flying-over-sunset-new-york-tickets/lincoln-center-theater-vivian-beaumont-2021-11-16-8-pm/broadway/5529718,2021-11-16T20:00:00,0.603,0.379,Lincoln Center Theater-Vivian Beaumont,"New York, NY 10023",66.0,717.0,173.0,164.0,1184.0,
20,Perfect Crime - New York,https://seatgeek.com/perfect-crime-new-york-tickets/the-theater-center-1-2021-11-16-8-pm/broadway/5520485,2021-11-16T20:00:00,0.58,0.353,The Theater Center,"New York, NY 10019",3.0,101.0,68.0,68.0,130.0,
21,Company - New York,https://seatgeek.com/company-new-york-tickets/bernard-b-jacobs-theatre-2021-11-16-8-pm/broadway/5501170,2021-11-16T20:00:00,0.548,0.32,Bernard B. Jacobs Theatre,"New York, NY 10036",48.0,912.0,601.0,601.0,1314.0,
22,Come From Away - New York,https://seatgeek.com/come-from-away-new-york-tickets/gerald-schoenfeld-theatre-2021-11-17-1-pm/broadway/5401816,2021-11-17T13:00:00,0.615,0.429,Gerald Schoenfeld Theatre,"New York, NY 10036",71.0,492.0,120.0,120.0,987.0,
23,Jagged Little Pill - New York,https://seatgeek.com/jagged-little-pill-new-york-tickets/broadhurst-theatre-2021-11-17-2-pm/broadway/5351771,2021-11-17T14:00:00,0.578,0.38,Broadhurst Theatre,"New York, NY 10036",102.0,520.0,119.0,119.0,1347.0,
24,Chicken and Biscuits - New York,https://seatgeek.com/chicken-and-biscuits-new-york-tickets/circle-in-the-square-theatre-2021-11-17-2-pm/broadway/5529660,2021-11-17T14:00:00,0.563,0.338,Circle In The Square Theatre,"New York, NY 10019",1.0,239.0,,233.0,244.0,
25,"Caroline, or Change - New York",https://seatgeek.com/caroline-or-change-new-york-tickets/studio-54-2021-11-17-2-pm/broadway/5485139,2021-11-17T14:00:00,0.563,0.342,Studio 54,"New York, NY 10019",32.0,721.0,166.0,138.0,1314.0,
26,Hadestown,https://seatgeek.com/hadestown-tickets/walter-kerr-theatre-2021-11-17-2-pm/broadway/5383416,2021-11-17T14:00:00,0.822,0.676,Walter Kerr Theatre,"New York, NY 10036",29.0,118.0,78.0,78.0,163.0,
27,TINA - The Tina Turner Musical - New York,https://seatgeek.com/tina-the-tina-turner-musical-new-york-tickets/lunt-fontanne-theatre-2021-11-17-2-pm/broadway/5406875,2021-11-17T14:00:00,0.578,0.373,Lunt-Fontanne Theatre,"New York, NY 10036",142.0,548.0,125.0,125.0,1299.0,
28,Girl From The North Country - New York,https://seatgeek.com/girl-from-the-north-country-new-york-tickets/belasco-theatre-2021-11-17-2-pm/broadway/5414331,2021-11-17T14:00:00,0.556,0.342,Belasco Theatre,"New York, NY 10036",80.0,646.0,137.0,137.0,1511.0,
29,Flying Over Sunset - New York,https://seatgeek.com/flying-over-sunset-new-york-tickets/lincoln-center-theater-vivian-beaumont-2021-11-17-2-pm/broadway/5529719,2021-11-17T14:00:00,0.575,0.353,Lincoln Center Theater-Vivian Beaumont,"New York, NY 10023",65.0,713.0,168.0,164.0,1184.0,
30,Blue Man Group - New York,https://seatgeek.com/blue-man-group-new-york-tickets/astor-place-2021-11-17-7-pm/broadway/5520873,2021-11-17T19:00:00,0.603,0.403,Astor Place,"New York, NY 10003",6.0,175.0,,131.0,534.0,
31,The Lehman Trilogy - New York,https://seatgeek.com/the-lehman-trilogy-new-york-tickets/nederlander-theatre-2021-11-17-7-pm/broadway/5418160,2021-11-17T19:00:00,0.588,0.388,Nederlander Theatre,"New York, NY 10036",75.0,636.0,194.0,96.0,1969.0,
32,The Lion King - New York,https://seatgeek.com/the-lion-king-new-york-tickets/minskoff-theatre-2021-11-17-7-pm/broadway/5315512,2021-11-17T19:00:00,0.614,0.452,Minskoff Theatre,"New York, NY 10036",99.0,449.0,119.0,119.0,1136.0,
33,Aladdin - New York,https://seatgeek.com/aladdin-new-york-tickets/new-amsterdam-theatre-2021-11-17-7-pm/broadway/5315315,2021-11-17T19:00:00,0.642,0.495,New Amsterdam Theatre,"New York, NY 10036",43.0,503.0,324.0,324.0,688.0,
34,To Kill a Mockingbird - New York,https://seatgeek.com/to-kill-a-mockingbird-new-york-tickets/shubert-theatre-1-2021-11-17-7-pm/broadway/5421790,2021-11-17T19:00:00,0.592,0.388,Shubert Theatre,"New York, NY 10036",79.0,896.0,82.0,82.0,2144.0,
35,Chicken and Biscuits - New York,https://seatgeek.com/chicken-and-biscuits-new-york-tickets/circle-in-the-square-theatre-2021-11-17-7-pm/broadway/5529661,2021-11-17T19:00:00,0.57,0.351,Circle In The Square Theatre,"New York, NY 10019",1.0,244.0,,244.0,244.0,
36,Little Shop of Horrors - New York,https://seatgeek.com/little-shop-of-horrors-new-york-tickets/westside-theatre-upstairs-1-2021-11-17-7-pm/broadway/5406168,2021-11-17T19:00:00,0.702,0.553,Westside Theatre Upstairs,"New York, NY 10036",1.0,204.0,,168.0,239.0,
37,Wicked - New York,https://seatgeek.com/wicked-new-york-tickets/gershwin-theatre-2021-11-17-7-pm/broadway/5405245,2021-11-17T19:00:00,0.592,0.432,Gershwin Theatre,"New York, NY 10019",144.0,402.0,160.0,159.0,824.0,
38,Clyde's - New York,https://seatgeek.com/clydes-new-york-tickets/helen-hayes-theatre-2021-11-17-7-pm/broadway/5539100,2021-11-17T19:00:00,0.578,0.361,Helen Hayes Theatre,"New York, NY 10036",4.0,811.0,643.0,643.0,1409.0,
39,Come From Away - New York,https://seatgeek.com/come-from-away-new-york-tickets/gerald-schoenfeld-theatre-2021-11-17-7-pm/broadway/5401820,2021-11-17T19:00:00,0.596,0.409,Gerald Schoenfeld Theatre,"New York, NY 10036",78.0,449.0,106.0,106.0,987.0,
40,The Book of Mormon,https://seatgeek.com/the-book-of-mormon-tickets/eugene-o-neill-theatre-2021-11-17-7-pm/broadway/5422910,2021-11-17T19:00:00,0.781,0.648,Eugene O'Neill Theatre,"New York, NY 10019",110.0,139.0,100.0,100.0,216.0,
41,Jersey Boys - New York,https://seatgeek.com/jersey-boys-new-york-tickets/new-world-stages-2021-11-17-7-pm/broadway/5398763,2021-11-17T19:00:00,0.579,0.381,New World Stages,"New York, NY 10019",16.0,505.0,,132.0,791.0,
42,Hadestown,https://seatgeek.com/hadestown-tickets/walter-kerr-theatre-2021-11-17-7-30-pm/broadway/5383418,2021-11-17T19:30:00,0.818,0.676,Walter Kerr Theatre,"New York, NY 10036",26.0,156.0,132.0,132.0,269.0,
43,Is This A Room - New York,https://seatgeek.com/is-this-a-room-new-york-tickets/lyceum-theatre-2021-11-17-8-pm/broadway/5539235,2021-11-17T20:00:00,0.574,0.35,Lyceum Theatre,"New York, NY 10036",12.0,191.0,120.0,120.0,229.0,
44,"Caroline, or Change - New York",https://seatgeek.com/caroline-or-change-new-york-tickets/studio-54-2021-11-17-8-pm/broadway/5485137,2021-11-17T20:00:00,0.571,0.354,Studio 54,"New York, NY 10019",42.0,684.0,158.0,137.0,1314.0,
45,Flying Over Sunset - New York,https://seatgeek.com/flying-over-sunset-new-york-tickets/lincoln-center-theater-vivian-beaumont-2021-11-17-8-pm/broadway/5529720,2021-11-17T20:00:00,0.585,0.367,Lincoln Center Theater-Vivian Beaumont,"New York, NY 10023",60.0,722.0,181.0,164.0,1184.0,
46,Company - New York,https://seatgeek.com/company-new-york-tickets/bernard-b-jacobs-theatre-2021-11-17-8-pm/broadway/5441427,2021-11-17T20:00:00,0.525,0.315,Bernard B. Jacobs Theatre,"New York, NY 10036",62.0,823.0,540.0,278.0,1314.0,
47,TINA - The Tina Turner Musical - New York,https://seatgeek.com/tina-the-tina-turner-musical-new-york-tickets/lunt-fontanne-theatre-2021-11-17-8-pm/broadway/5406835,2021-11-17T20:00:00,0.569,0.362,Lunt-Fontanne Theatre,"New York, NY 10036",128.0,521.0,126.0,126.0,1299.0,
48,Mrs. Doubtfire - New York,https://seatgeek.com/mrs-doubtfire-new-york-tickets/stephen-sondheim-theatre-2021-11-17-8-pm/broadway/5409770,2021-11-17T20:00:00,0.562,0.352,Stephen Sondheim Theatre,"New York, NY 10036",53.0,878.0,136.0,133.0,1576.0,
49,David Byrne's American Utopia,https://seatgeek.com/david-byrnes-american-utopia-tickets/st-james-theatre-2021-11-17-8-pm/broadway/5424213,2021-11-17T20:00:00,0.829,0.676,St. James Theatre,"New York, NY 10036",92.0,146.0,89.0,68.0,195.0,
50,Aladdin - New York,https://seatgeek.com/aladdin-new-york-tickets/new-amsterdam-theatre-2021-11-18-7-pm/broadway/5315313,2021-11-18T19:00:00,0.646,0.504,New Amsterdam Theatre,"New York, NY 10036",117.0,397.0,109.0,94.0,1109.0,
51,Jagged Little Pill - New York,https://seatgeek.com/jagged-little-pill-new-york-tickets/broadhurst-theatre-2021-11-18-7-pm/broadway/5351705,2021-11-18T19:00:00,0.551,0.359,Broadhurst Theatre,"New York, NY 10036",99.0,549.0,145.0,121.0,1347.0,
52,Girl From The North Country - New York,https://seatgeek.com/girl-from-the-north-country-new-york-tickets/belasco-theatre-2021-11-18-7-pm/broadway/5414340,2021-11-18T19:00:00,0.573,0.383,Belasco Theatre,"New York, NY 10036",77.0,660.0,137.0,137.0,1511.0,
53,Jersey Boys - New York,https://seatgeek.com/jersey-boys-new-york-tickets/new-world-stages-2021-11-18-7-pm/broadway/5398762,2021-11-18T19:00:00,0.562,0.369,New World Stages,"New York, NY 10019",27.0,408.0,,147.0,791.0,
54,To Kill a Mockingbird - New York,https://seatgeek.com/to-kill-a-mockingbird-new-york-tickets/shubert-theatre-1-2021-11-18-7-pm/broadway/5421785,2021-11-18T19:00:00,0.577,0.382,Shubert Theatre,"New York, NY 10036",80.0,972.0,60.0,60.0,2144.0,
55,TINA - The Tina Turner Musical - New York,https://seatgeek.com/tina-the-tina-turner-musical-new-york-tickets/lunt-fontanne-theatre-2021-11-18-7-pm/broadway/5406850,2021-11-18T19:00:00,0.571,0.381,Lunt-Fontanne Theatre,"New York, NY 10036",133.0,516.0,134.0,134.0,1299.0,
56,"Caroline, or Change - New York",https://seatgeek.com/caroline-or-change-new-york-tickets/studio-54-2021-11-18-7-pm/broadway/5485136,2021-11-18T19:00:00,0.567,0.367,Studio 54,"New York, NY 10019",40.0,710.0,162.0,162.0,1281.0,
57,The Book of Mormon,https://seatgeek.com/the-book-of-mormon-tickets/eugene-o-neill-theatre-2021-11-18-7-pm/broadway/5422909,2021-11-18T19:00:00,0.776,0.648,Eugene O'Neill Theatre,"New York, NY 10019",128.0,152.0,100.0,100.0,270.0,
58,Come From Away - New York,https://seatgeek.com/come-from-away-new-york-tickets/gerald-schoenfeld-theatre-2021-11-18-7-pm/broadway/5401817,2021-11-18T19:00:00,0.598,0.419,Gerald Schoenfeld Theatre,"New York, NY 10036",87.0,450.0,120.0,120.0,987.0,
59,Little Shop of Horrors - New York,https://seatgeek.com/little-shop-of-horrors-new-york-tickets/westside-theatre-upstairs-1-2021-11-18-7-pm/broadway/5406155,2021-11-18T19:00:00,0.674,0.522,Westside Theatre Upstairs,"New York, NY 10036",3.0,264.0,249.0,249.0,293.0,
60,Waitress - New York,https://seatgeek.com/waitress-new-york-tickets/barrymore-theatre-2021-11-18-7-pm/broadway/5447021,2021-11-18T19:00:00,0.595,0.405,Barrymore Theatre,"New York, NY 10036",99.0,381.0,140.0,140.0,627.0,
61,Chicken and Biscuits - New York,https://seatgeek.com/chicken-and-biscuits-new-york-tickets/circle-in-the-square-theatre-2021-11-18-7-pm/broadway/5529662,2021-11-18T19:00:00,0.566,0.359,Circle In The Square Theatre,"New York, NY 10019",1.0,239.0,,233.0,244.0,
62,The Lehman Trilogy - New York,https://seatgeek.com/the-lehman-trilogy-new-york-tickets/nederlander-theatre-2021-11-18-7-pm/broadway/5418124,2021-11-18T19:00:00,0.576,0.384,Nederlander Theatre,"New York, NY 10036",78.0,748.0,179.0,94.0,2100.0,
63,Wicked - New York,https://seatgeek.com/wicked-new-york-tickets/gershwin-theatre-2021-11-18-7-pm/broadway/5405237,2021-11-18T19:00:00,0.61,0.458,Gershwin Theatre,"New York, NY 10019",97.0,317.0,146.0,146.0,779.0,
64,Hadestown,https://seatgeek.com/hadestown-tickets/walter-kerr-theatre-2021-11-18-7-pm/broadway/5383420,2021-11-18T19:00:00,0.811,0.676,Walter Kerr Theatre,"New York, NY 10036",28.0,180.0,110.0,110.0,244.0,
65,The Office! A Musical Parody - New York,https://seatgeek.com/the-office-a-musical-parody-new-york-tickets/the-theater-center-1-2021-11-18-7-30-pm/broadway/5521679,2021-11-18T19:30:00,0.558,0.353,The Theater Center,"New York, NY 10019",9.0,91.0,,61.0,150.0,
66,Chicago (Musical) - New York,https://seatgeek.com/chicago-musical-new-york-tickets/ambassador-theatre-2021-11-18-8-pm/broadway/5351349,2021-11-18T20:00:00,0.581,0.39,Ambassador Theatre,"New York, NY 10019",44.0,375.0,141.0,123.0,580.0,
67,David Byrne's American Utopia,https://seatgeek.com/david-byrnes-american-utopia-tickets/st-james-theatre-2021-11-18-8-pm/broadway/5424283,2021-11-18T20:00:00,0.819,0.676,St. James Theatre,"New York, NY 10036",133.0,159.0,68.0,68.0,269.0,
68,Is This A Room - New York,https://seatgeek.com/is-this-a-room-new-york-tickets/lyceum-theatre-2021-11-18-8-pm/broadway/5539236,2021-11-18T20:00:00,0.567,0.354,Lyceum Theatre,"New York, NY 10036",12.0,191.0,120.0,120.0,229.0,
69,Six the Musical - New York,https://seatgeek.com/six-the-musical-new-york-tickets/brooks-atkinson-theatre-2021-11-18-8-pm/broadway/5484353,2021-11-18T20:00:00,0.625,0.439,Brooks Atkinson Theatre,"New York, NY 10036",78.0,933.0,338.0,236.0,1870.0,
70,Company - New York,https://seatgeek.com/company-new-york-tickets/bernard-b-jacobs-theatre-2021-11-18-8-pm/broadway/5501172,2021-11-18T20:00:00,0.544,0.339,Bernard B. Jacobs Theatre,"New York, NY 10036",51.0,888.0,601.0,286.0,1314.0,
71,The Lion King - New York,https://seatgeek.com/the-lion-king-new-york-tickets/minskoff-theatre-2021-11-18-8-pm/broadway/5315511,2021-11-18T20:00:00,0.606,0.445,Minskoff Theatre,"New York, NY 10036",98.0,453.0,157.0,157.0,1136.0,
72,Mrs. Doubtfire - New York,https://seatgeek.com/mrs-doubtfire-new-york-tickets/stephen-sondheim-theatre-2021-11-18-8-pm/broadway/5409774,2021-11-18T20:00:00,0.558,0.361,Stephen Sondheim Theatre,"New York, NY 10036",65.0,748.0,130.0,130.0,1497.0,
73,Flying Over Sunset - New York,https://seatgeek.com/flying-over-sunset-new-york-tickets/lincoln-center-theater-vivian-beaumont-2021-11-18-8-pm/broadway/5529721,2021-11-18T20:00:00,0.584,0.378,Lincoln Center Theater-Vivian Beaumont,"New York, NY 10023",71.0,633.0,168.0,164.0,1184.0,
74,Radio City Christmas Spectacular - New York,https://seatgeek.com/radio-city-christmas-spectacular-new-york-tickets/radio-city-music-hall-2021-11-19-2-pm/broadway/5331315,2021-11-19T14:00:00,0.677,0.536,Radio City Music Hall,"New York, NY 10020",361.0,421.0,97.0,97.0,1249.0,
75,The Office! A Musical Parody - New York,https://seatgeek.com/the-office-a-musical-parody-new-york-tickets/the-theater-center-1-2021-11-19-7-pm/broadway/5521697,2021-11-19T19:00:00,0.544,0.344,The Theater Center,"New York, NY 10019",9.0,91.0,,63.0,152.0,
76,The Lehman Trilogy - New York,https://seatgeek.com/the-lehman-trilogy-new-york-tickets/nederlander-theatre-2021-11-19-7-pm/broadway/5418139,2021-11-19T19:00:00,0.573,0.388,Nederlander Theatre,"New York, NY 10036",89.0,750.0,93.0,92.0,2165.0,
77,To Kill a Mockingbird - New York,https://seatgeek.com/to-kill-a-mockingbird-new-york-tickets/shubert-theatre-1-2021-11-19-7-pm/broadway/5421786,2021-11-19T19:00:00,0.594,0.412,Shubert Theatre,"New York, NY 10036",79.0,993.0,110.0,104.0,2144.0,
78,Come From Away - New York,https://seatgeek.com/come-from-away-new-york-tickets/gerald-schoenfeld-theatre-2021-11-19-7-pm/broadway/5401819,2021-11-19T19:00:00,0.609,0.442,Gerald Schoenfeld Theatre,"New York, NY 10036",86.0,459.0,132.0,132.0,987.0,
79,Company - New York,https://seatgeek.com/company-new-york-tickets/bernard-b-jacobs-theatre-2021-11-19-8-pm/broadway/5501173,2021-11-19T20:00:00,0.528,0.328,Bernard B. Jacobs Theatre,"New York, NY 10036",63.0,804.0,380.0,207.0,1281.0,
80,Is This A Room - New York,https://seatgeek.com/is-this-a-room-new-york-tickets/lyceum-theatre-2021-11-19-8-pm/broadway/5539237,2021-11-19T20:00:00,0.551,0.344,Lyceum Theatre,"New York, NY 10036",12.0,187.0,157.0,120.0,229.0,
81,Little Shop of Horrors - New York,https://seatgeek.com/little-shop-of-horrors-new-york-tickets/westside-theatre-upstairs-1-2021-11-19-8-pm/broadway/5406241,2021-11-19T20:00:00,0.723,0.589,Westside Theatre Upstairs,"New York, NY 10036",4.0,302.0,231.0,231.0,380.0,
82,TINA - The Tina Turner Musical - New York,https://seatgeek.com/tina-the-tina-turner-musical-new-york-tickets/lunt-fontanne-theatre-2021-11-19-8-pm/broadway/5406869,2021-11-19T20:00:00,0.568,0.382,Lunt-Fontanne Theatre,"New York, NY 10036",122.0,541.0,161.0,161.0,1299.0,
83,"Caroline, or Change - New York",https://seatgeek.com/caroline-or-change-new-york-tickets/studio-54-2021-11-19-8-pm/broadway/5485135,2021-11-19T20:00:00,0.565,0.367,Studio 54,"New York, NY 10019",60.0,567.0,144.0,138.0,1314.0,
84,Perfect Crime - New York,https://seatgeek.com/perfect-crime-new-york-tickets/the-theater-center-1-2021-11-19-8-pm/broadway/5520850,2021-11-19T20:00:00,0.546,0.344,The Theater Center,"New York, NY 10019",3.0,102.0,69.0,69.0,130.0,
85,Wicked - New York,https://seatgeek.com/wicked-new-york-tickets/gershwin-theatre-2021-11-19-8-pm/broadway/5405230,2021-11-19T20:00:00,0.613,0.464,Gershwin Theatre,"New York, NY 10019",150.0,446.0,160.0,160.0,922.0,
86,Six the Musical - New York,https://seatgeek.com/six-the-musical-new-york-tickets/brooks-atkinson-theatre-2021-11-19-8-pm/broadway/5484354,2021-11-19T20:00:00,0.597,0.408,Brooks Atkinson Theatre,"New York, NY 10036",90.0,1050.0,493.0,324.0,1870.0,
87,Jagged Little Pill - New York,https://seatgeek.com/jagged-little-pill-new-york-tickets/broadhurst-theatre-2021-11-19-8-pm/broadway/5351764,2021-11-19T20:00:00,0.572,0.395,Broadhurst Theatre,"New York, NY 10036",97.0,555.0,119.0,119.0,1347.0,
88,Mrs. Doubtfire - New York,https://seatgeek.com/mrs-doubtfire-new-york-tickets/stephen-sondheim-theatre-2021-11-19-8-pm/broadway/5409715,2021-11-19T20:00:00,0.566,0.38,Stephen Sondheim Theatre,"New York, NY 10036",62.0,783.0,133.0,133.0,1576.0,
89,Chicago (Musical) - New York,https://seatgeek.com/chicago-musical-new-york-tickets/ambassador-theatre-2021-11-19-8-pm/broadway/5351373,2021-11-19T20:00:00,0.575,0.392,Ambassador Theatre,"New York, NY 10019",61.0,333.0,113.0,113.0,595.0,
90,Radio City Christmas Spectacular - New York,https://seatgeek.com/radio-city-christmas-spectacular-new-york-tickets/radio-city-music-hall-2021-11-19-8-pm/broadway/5331308,2021-11-19T20:00:00,0.655,0.507,Radio City Music Hall,"New York, NY 10020",390.0,432.0,95.0,95.0,1622.0,
91,The Lion King - New York,https://seatgeek.com/the-lion-king-new-york-tickets/minskoff-theatre-2021-11-19-8-pm/broadway/5315510,2021-11-19T20:00:00,0.616,0.467,Minskoff Theatre,"New York, NY 10036",103.0,484.0,141.0,141.0,1136.0,
92,Flying Over Sunset - New York,https://seatgeek.com/flying-over-sunset-new-york-tickets/lincoln-center-theater-vivian-beaumont-2021-11-19-8-pm/broadway/5529722,2021-11-19T20:00:00,0.579,0.38,Lincoln Center Theater-Vivian Beaumont,"New York, NY 10023",88.0,627.0,160.0,160.0,1154.0,
93,Blue Man Group - New York,https://seatgeek.com/blue-man-group-new-york-tickets/astor-place-2021-11-19-8-pm/broadway/5513461,2021-11-19T20:00:00,0.6,0.411,Astor Place,"New York, NY 10003",17.0,199.0,,119.0,680.0,
94,Hadestown,https://seatgeek.com/hadestown-tickets/walter-kerr-theatre-2021-11-19-8-pm/broadway/5383419,2021-11-19T20:00:00,0.806,0.676,Walter Kerr Theatre,"New York, NY 10036",12.0,278.0,216.0,216.0,321.0,
95,Girl From The North Country - New York,https://seatgeek.com/girl-from-the-north-country-new-york-tickets/belasco-theatre-2021-11-19-8-pm/broadway/5414332,2021-11-19T20:00:00,0.561,0.372,Belasco Theatre,"New York, NY 10036",83.0,638.0,133.0,133.0,1473.0,
96,Clyde's - New York,https://seatgeek.com/clydes-new-york-tickets/helen-hayes-theatre-2021-11-19-8-pm/broadway/5539102,2021-11-19T20:00:00,0.575,0.375,Helen Hayes Theatre,"New York, NY 10036",20.0,1013.0,627.0,627.0,1409.0,
97,Waitress - New York,https://seatgeek.com/waitress-new-york-tickets/barrymore-theatre-2021-11-19-8-pm/broadway/5447020,2021-11-19T20:00:00,0.617,0.438,Barrymore Theatre,"New York, NY 10036",90.0,411.0,150.0,150.0,692.0,
98,Aladdin - New York,https://seatgeek.com/aladdin-new-york-tickets/new-amsterdam-theatre-2021-11-19-8-pm/broadway/5315322,2021-11-19T20:00:00,0.662,0.531,New Amsterdam Theatre,"New York, NY 10036",126.0,435.0,117.0,114.0,1138.0,
99,The Book of Mormon,https://seatgeek.com/the-book-of-mormon-tickets/eugene-o-neill-theatre-2021-11-19-8-pm/broadway/5424194,2021-11-19T20:00:00,0.773,0.648,Eugene O'Neill Theatre,"New York, NY 10019",42.0,159.0,110.0,110.0,270.0,
100,Jersey Boys - New York,https://seatgeek.com/jersey-boys-new-york-tickets/new-world-stages-2021-11-19-8-pm/broadway/5398761,2021-11-19T20:00:00,0.571,0.386,New World Stages,"New York, NY 10019",26.0,388.0,,158.0,791.0,
101,Chicken and Biscuits - New York,https://seatgeek.com/chicken-and-biscuits-new-york-tickets/circle-in-the-square-theatre-2021-11-19-8-pm/broadway/5529663,2021-11-19T20:00:00,0.563,0.36,Circle In The Square Theatre,"New York, NY 10019",27.0,465.0,199.0,199.0,660.0,
102,David Byrne's American Utopia,https://seatgeek.com/david-byrnes-american-utopia-tickets/st-james-theatre-2021-11-19-8-pm/broadway/5424317,2021-11-19T20:00:00,0.813,0.676,St. James Theatre,"New York, NY 10036",137.0,172.0,68.0,68.0,321.0,
103,Radio City Christmas Spectacular - New York,https://seatgeek.com/radio-city-christmas-spectacular-new-york-tickets/radio-city-music-hall-2021-11-20-11-am/broadway/5331278,2021-11-20T11:00:00,0.647,0.501,Radio City Music Hall,"New York, NY 10020",247.0,246.0,97.0,97.0,2212.0,
104,The Lehman Trilogy - New York,https://seatgeek.com/the-lehman-trilogy-new-york-tickets/nederlander-theatre-2021-11-20-1-pm/broadway/5418121,2021-11-20T13:00:00,0.56,0.376,Nederlander Theatre,"New York, NY 10036",86.0,761.0,92.0,92.0,2165.0,
105,To Kill a Mockingbird - New York,https://seatgeek.com/to-kill-a-mockingbird-new-york-tickets/shubert-theatre-1-2021-11-20-1-pm/broadway/5421784,2021-11-20T13:00:00,0.575,0.391,Shubert Theatre,"New York, NY 10036",81.0,964.0,133.0,117.0,2144.0,
106,Come From Away - New York,https://seatgeek.com/come-from-away-new-york-tickets/gerald-schoenfeld-theatre-2021-11-20-1-pm/broadway/5401818,2021-11-20T13:00:00,0.666,0.517,Gerald Schoenfeld Theatre,"New York, NY 10036",70.0,537.0,160.0,160.0,987.0,
107,TINA - The Tina Turner Musical - New York,https://seatgeek.com/tina-the-tina-turner-musical-new-york-tickets/lunt-fontanne-theatre-2021-11-20-2-pm/broadway/5406880,2021-11-20T14:00:00,0.57,0.394,Lunt-Fontanne Theatre,"New York, NY 10036",153.0,569.0,168.0,160.0,1543.0,
108,Girl From The North Country - New York,https://seatgeek.com/girl-from-the-north-country-new-york-tickets/belasco-theatre-2021-11-20-2-pm/broadway/5414212,2021-11-20T14:00:00,0.537,0.35,Belasco Theatre,"New York, NY 10036",41.0,502.0,133.0,133.0,809.0,
109,Chicken and Biscuits - New York,https://seatgeek.com/chicken-and-biscuits-new-york-tickets/circle-in-the-square-theatre-2021-11-20-2-pm/broadway/5529664,2021-11-20T14:00:00,0.542,0.34,Circle In The Square Theatre,"New York, NY 10019",31.0,417.0,168.0,168.0,643.0,
110,Jagged Little Pill - New York,https://seatgeek.com/jagged-little-pill-new-york-tickets/broadhurst-theatre-2021-11-20-2-pm/broadway/5351766,2021-11-20T14:00:00,0.525,0.34,Broadhurst Theatre,"New York, NY 10036",83.0,595.0,119.0,119.0,1347.0,
111,The Office! A Musical Parody - New York,https://seatgeek.com/the-office-a-musical-parody-new-york-tickets/the-theater-center-1-2021-11-20-2-pm/broadway/5521695,2021-11-20T14:00:00,0.532,0.332,The Theater Center,"New York, NY 10019",8.0,95.0,,63.0,155.0,
112,The Lion King - New York,https://seatgeek.com/the-lion-king-new-york-tickets/minskoff-theatre-2021-11-20-2-pm/broadway/5315515,2021-11-20T14:00:00,0.629,0.491,Minskoff Theatre,"New York, NY 10036",94.0,523.0,134.0,134.0,1136.0,
113,Perfect Crime - New York,https://seatgeek.com/perfect-crime-new-york-tickets/the-theater-center-1-2021-11-20-2-pm/broadway/5520844,2021-11-20T14:00:00,0.532,0.332,The Theater Center,"New York, NY 10019",3.0,98.0,68.0,68.0,124.0,
114,Waitress - New York,https://seatgeek.com/waitress-new-york-tickets/barrymore-theatre-2021-11-20-2-pm/broadway/5447019,2021-11-20T14:00:00,0.6,0.422,Barrymore Theatre,"New York, NY 10036",66.0,482.0,304.0,286.0,692.0,
115,Jersey Boys - New York,https://seatgeek.com/jersey-boys-new-york-tickets/new-world-stages-2021-11-20-2-pm/broadway/5398760,2021-11-20T14:00:00,0.576,0.401,New World Stages,"New York, NY 10019",16.0,580.0,,388.0,791.0,
116,Hadestown,https://seatgeek.com/hadestown-tickets/walter-kerr-theatre-2021-11-20-2-pm/broadway/5383421,2021-11-20T14:00:00,0.8,0.676,Walter Kerr Theatre,"New York, NY 10036",8.0,239.0,269.0,142.0,269.0,
117,Mrs. Doubtfire - New York,https://seatgeek.com/mrs-doubtfire-new-york-tickets/stephen-sondheim-theatre-2021-11-20-2-pm/broadway/5409709,2021-11-20T14:00:00,0.565,0.387,Stephen Sondheim Theatre,"New York, NY 10036",53.0,906.0,285.0,285.0,1576.0,
118,Clyde's - New York,https://seatgeek.com/clydes-new-york-tickets/helen-hayes-theatre-2021-11-20-2-pm/broadway/5539104,2021-11-20T14:00:00,0.559,0.361,Helen Hayes Theatre,"New York, NY 10036",20.0,1013.0,627.0,627.0,1409.0,
119,Radio City Christmas Spectacular - New York,https://seatgeek.com/radio-city-christmas-spectacular-new-york-tickets/radio-city-music-hall-2021-11-20-2-pm/broadway/5331337,2021-11-20T14:00:00,0.681,0.549,Radio City Music Hall,"New York, NY 10020",216.0,296.0,118.0,118.0,1855.0,
120,Aladdin - New York,https://seatgeek.com/aladdin-new-york-tickets/new-amsterdam-theatre-2021-11-20-2-pm/broadway/5315324,2021-11-20T14:00:00,0.662,0.537,New Amsterdam Theatre,"New York, NY 10036",114.0,440.0,126.0,105.0,752.0,
121,Wicked - New York,https://seatgeek.com/wicked-new-york-tickets/gershwin-theatre-2021-11-20-2-pm/broadway/5405229,2021-11-20T14:00:00,0.616,0.47,Gershwin Theatre,"New York, NY 10019",128.0,467.0,168.0,168.0,922.0,
122,"Caroline, or Change - New York",https://seatgeek.com/caroline-or-change-new-york-tickets/studio-54-2021-11-20-2-pm/broadway/5485134,2021-11-20T14:00:00,0.546,0.35,Studio 54,"New York, NY 10019",43.0,601.0,140.0,135.0,1314.0,
123,Flying Over Sunset - New York,https://seatgeek.com/flying-over-sunset-new-york-tickets/lincoln-center-theater-vivian-beaumont-2021-11-20-2-pm/broadway/5529723,2021-11-20T14:00:00,0.563,0.366,Lincoln Center Theater-Vivian Beaumont,"New York, NY 10023",74.0,643.0,180.0,164.0,1184.0,
124,Blue Man Group - New York,https://seatgeek.com/blue-man-group-new-york-tickets/astor-place-2021-11-20-2-pm/broadway/5513482,2021-11-20T14:00:00,0.603,0.422,Astor Place,"New York, NY 10003",11.0,210.0,,122.0,663.0,
125,The Book of Mormon,https://seatgeek.com/the-book-of-mormon-tickets/eugene-o-neill-theatre-2021-11-20-2-pm/broadway/5424196,2021-11-20T14:00:00,0.77,0.648,Eugene O'Neill Theatre,"New York, NY 10019",29.0,141.0,110.0,110.0,185.0,
126,Chicago (Musical) - New York,https://seatgeek.com/chicago-musical-new-york-tickets/ambassador-theatre-2021-11-20-2-30-pm/broadway/5351345,2021-11-20T14:30:00,0.558,0.38,Ambassador Theatre,"New York, NY 10019",66.0,311.0,135.0,108.0,602.0,
127,Six the Musical - New York,https://seatgeek.com/six-the-musical-new-york-tickets/brooks-atkinson-theatre-2021-11-20-3-pm/broadway/5484355,2021-11-20T15:00:00,0.587,0.403,Brooks Atkinson Theatre,"New York, NY 10036",101.0,1235.0,247.0,247.0,11607.0,
128,Blue Man Group - New York,https://seatgeek.com/blue-man-group-new-york-tickets/astor-place-2021-11-20-5-pm/broadway/5513464,2021-11-20T17:00:00,0.605,0.422,Astor Place,"New York, NY 10003",10.0,353.0,,131.0,680.0,
129,David Byrne's American Utopia,https://seatgeek.com/david-byrnes-american-utopia-tickets/st-james-theatre-2021-11-20-5-pm/broadway/5424339,2021-11-20T17:00:00,0.81,0.676,St. James Theatre,"New York, NY 10036",120.0,187.0,68.0,68.0,374.0,
130,Radio City Christmas Spectacular - New York,https://seatgeek.com/radio-city-christmas-spectacular-new-york-tickets/radio-city-music-hall-2021-11-20-5-pm/broadway/5331233,2021-11-20T17:00:00,0.687,0.552,Radio City Music Hall,"New York, NY 10020",286.0,219.0,78.0,78.0,1698.0,
131,To Kill a Mockingbird - New York,https://seatgeek.com/to-kill-a-mockingbird-new-york-tickets/shubert-theatre-1-2021-11-20-7-pm/broadway/5421788,2021-11-20T19:00:00,0.592,0.415,Shubert Theatre,"New York, NY 10036",76.0,1055.0,150.0,150.0,2144.0,
132,Come From Away - New York,https://seatgeek.com/come-from-away-new-york-tickets/gerald-schoenfeld-theatre-2021-11-20-7-pm/broadway/5401822,2021-11-20T19:00:00,0.618,0.456,Gerald Schoenfeld Theatre,"New York, NY 10036",72.0,518.0,134.0,134.0,987.0,
133,The Lehman Trilogy - New York,https://seatgeek.com/the-lehman-trilogy-new-york-tickets/nederlander-theatre-2021-11-20-7-30-pm/broadway/5418140,2021-11-20T19:30:00,0.573,0.392,Nederlander Theatre,"New York, NY 10036",104.0,747.0,163.0,99.0,2165.0,
134,The Office! A Musical Parody - New York,https://seatgeek.com/the-office-a-musical-parody-new-york-tickets/the-theater-center-1-2021-11-20-7-30-pm/broadway/5521692,2021-11-20T19:30:00,0.544,0.348,The Theater Center,"New York, NY 10019",8.0,146.0,,59.0,369.0,
135,Radio City Christmas Spectacular - New York,https://seatgeek.com/radio-city-christmas-spectacular-new-york-tickets/radio-city-music-hall-2021-11-20-8-pm/broadway/5331248,2021-11-20T20:00:00,0.672,0.532,Radio City Music Hall,"New York, NY 10020",254.0,250.0,108.0,108.0,2212.0,
136,TINA - The Tina Turner Musical - New York,https://seatgeek.com/tina-the-tina-turner-musical-new-york-tickets/lunt-fontanne-theatre-2021-11-20-8-pm/broadway/5406649,2021-11-20T20:00:00,0.574,0.396,Lunt-Fontanne Theatre,"New York, NY 10036",132.0,562.0,161.0,160.0,1543.0,
137,Chicago (Musical) - New York,https://seatgeek.com/chicago-musical-new-york-tickets/ambassador-theatre-2021-11-20-8-pm/broadway/5351352,2021-11-20T20:00:00,0.582,0.406,Ambassador Theatre,"New York, NY 10019",62.0,319.0,125.0,125.0,595.0,
138,Flying Over Sunset - New York,https://seatgeek.com/flying-over-sunset-new-york-tickets/lincoln-center-theater-vivian-beaumont-2021-11-20-8-pm/broadway/5529724,2021-11-20T20:00:00,0.577,0.382,Lincoln Center Theater-Vivian Beaumont,"New York, NY 10023",81.0,670.0,166.0,164.0,1184.0,
139,Jagged Little Pill - New York,https://seatgeek.com/jagged-little-pill-new-york-tickets/broadhurst-theatre-2021-11-20-8-pm/broadway/5351703,2021-11-20T20:00:00,0.554,0.374,Broadhurst Theatre,"New York, NY 10036",86.0,612.0,119.0,119.0,1347.0,
140,Little Shop of Horrors - New York,https://seatgeek.com/little-shop-of-horrors-new-york-tickets/westside-theatre-upstairs-1-2021-11-20-8-pm/broadway/5406238,2021-11-20T20:00:00,0.736,0.609,Westside Theatre Upstairs,"New York, NY 10036",2.0,320.0,259.0,259.0,390.0,
141,Aladdin - New York,https://seatgeek.com/aladdin-new-york-tickets/new-amsterdam-theatre-2021-11-20-8-pm/broadway/5315323,2021-11-20T20:00:00,0.669,0.542,New Amsterdam Theatre,"New York, NY 10036",113.0,428.0,159.0,111.0,894.0,
142,The Book of Mormon,https://seatgeek.com/the-book-of-mormon-tickets/eugene-o-neill-theatre-2021-11-20-8-pm/broadway/5424195,2021-11-20T20:00:00,0.77,0.648,Eugene O'Neill Theatre,"New York, NY 10019",36.0,161.0,132.0,132.0,216.0,
143,Clyde's - New York,https://seatgeek.com/clydes-new-york-tickets/helen-hayes-theatre-2021-11-20-8-pm/broadway/5539103,2021-11-20T20:00:00,0.573,0.377,Helen Hayes Theatre,"New York, NY 10036",20.0,1039.0,643.0,643.0,1445.0,
144,Chicken and Biscuits - New York,https://seatgeek.com/chicken-and-biscuits-new-york-tickets/circle-in-the-square-theatre-2021-11-20-8-pm/broadway/5529665,2021-11-20T20:00:00,0.557,0.356,Circle In The Square Theatre,"New York, NY 10019",33.0,414.0,173.0,173.0,660.0,
145,Girl From The North Country - New York,https://seatgeek.com/girl-from-the-north-country-new-york-tickets/belasco-theatre-2021-11-20-8-pm/broadway/5414207,2021-11-20T20:00:00,0.572,0.391,Belasco Theatre,"New York, NY 10036",117.0,717.0,137.0,137.0,1511.0,
146,Perfect Crime - New York,https://seatgeek.com/perfect-crime-new-york-tickets/the-theater-center-1-2021-11-20-8-pm/broadway/5520842,2021-11-20T20:00:00,0.547,0.348,The Theater Center,"New York, NY 10019",3.0,101.0,69.0,69.0,130.0,
147,Mrs. Doubtfire - New York,https://seatgeek.com/mrs-doubtfire-new-york-tickets/stephen-sondheim-theatre-2021-11-20-8-pm/broadway/5409714,2021-11-20T20:00:00,0.547,0.359,Stephen Sondheim Theatre,"New York, NY 10036",59.0,919.0,266.0,266.0,1687.0,
148,Wicked - New York,https://seatgeek.com/wicked-new-york-tickets/gershwin-theatre-2021-11-20-8-pm/broadway/5405217,2021-11-20T20:00:00,0.63,0.488,Gershwin Theatre,"New York, NY 10019",124.0,480.0,168.0,168.0,922.0,
149,Blue Man Group - New York,https://seatgeek.com/blue-man-group-new-york-tickets/astor-place-2021-11-20-8-pm/broadway/5513470,2021-11-20T20:00:00,0.605,0.421,Astor Place,"New York, NY 10003",7.0,288.0,,128.0,646.0,
150,Company - New York,https://seatgeek.com/company-new-york-tickets/bernard-b-jacobs-theatre-2021-11-20-8-pm/broadway/5501174,2021-11-20T20:00:00,0.542,0.345,Bernard B. Jacobs Theatre,"New York, NY 10036",58.0,847.0,419.0,419.0,1314.0,
151,Jersey Boys - New York,https://seatgeek.com/jersey-boys-new-york-tickets/new-world-stages-2021-11-20-8-pm/broadway/5398759,2021-11-20T20:00:00,0.575,0.396,New World Stages,"New York, NY 10019",24.0,417.0,,158.0,791.0,
152,Waitress - New York,https://seatgeek.com/waitress-new-york-tickets/barrymore-theatre-2021-11-20-8-pm/broadway/5447018,2021-11-20T20:00:00,0.604,0.423,Barrymore Theatre,"New York, NY 10036",79.0,503.0,170.0,170.0,922.0,
153,"Caroline, or Change - New York",https://seatgeek.com/caroline-or-change-new-york-tickets/studio-54-2021-11-20-8-pm/broadway/5485133,2021-11-20T20:00:00,0.581,0.392,Studio 54,"New York, NY 10019",44.0,629.0,140.0,135.0,1314.0,
154,Six the Musical - New York,https://seatgeek.com/six-the-musical-new-york-tickets/brooks-atkinson-theatre-2021-11-20-8-pm/broadway/5484356,2021-11-20T20:00:00,0.596,0.409,Brooks Atkinson Theatre,"New York, NY 10036",92.0,1012.0,316.0,277.0,1918.0,
155,The Lion King - New York,https://seatgeek.com/the-lion-king-new-york-tickets/minskoff-theatre-2021-11-20-8-pm/broadway/5315507,2021-11-20T20:00:00,0.633,0.492,Minskoff Theatre,"New York, NY 10036",100.0,498.0,161.0,161.0,1136.0,
156,Hadestown,https://seatgeek.com/hadestown-tickets/walter-kerr-theatre-2021-11-20-8-pm/broadway/5383423,2021-11-20T20:00:00,0.802,0.676,Walter Kerr Theatre,"New York, NY 10036",11.0,320.0,142.0,142.0,374.0,
157,David Byrne's American Utopia,https://seatgeek.com/david-byrnes-american-utopia-tickets/st-james-theatre-2021-11-20-9-pm/broadway/5424250,2021-11-20T21:00:00,0.813,0.676,St. James Theatre,"New York, NY 10036",157.0,178.0,68.0,68.0,321.0,
158,Radio City Christmas Spectacular - New York,https://seatgeek.com/radio-city-christmas-spectacular-new-york-tickets/radio-city-music-hall-2021-11-21-11-am/broadway/5331335,2021-11-21T11:00:00,0.659,0.521,Radio City Music Hall,"New York, NY 10020",407.0,403.0,99.0,99.0,1249.0,
159,To Kill a Mockingbird - New York,https://seatgeek.com/to-kill-a-mockingbird-new-york-tickets/shubert-theatre-1-2021-11-21-1-pm/broadway/5421782,2021-11-21T13:00:00,0.576,0.397,Shubert Theatre,"New York, NY 10036",80.0,1005.0,144.0,126.0,2144.0,
160,The Lion King - New York,https://seatgeek.com/the-lion-king-new-york-tickets/minskoff-theatre-2021-11-21-1-pm/broadway/5315658,2021-11-21T13:00:00,0.608,0.462,Minskoff Theatre,"New York, NY 10036",106.0,502.0,117.0,117.0,1136.0,
161,Come From Away - New York,https://seatgeek.com/come-from-away-new-york-tickets/gerald-schoenfeld-theatre-2021-11-21-1-pm/broadway/5401823,2021-11-21T13:00:00,0.635,0.479,Gerald Schoenfeld Theatre,"New York, NY 10036",77.0,489.0,134.0,134.0,987.0,
162,Aladdin - New York,https://seatgeek.com/aladdin-new-york-tickets/new-amsterdam-theatre-2021-11-21-1-pm/broadway/5315202,2021-11-21T13:00:00,0.649,0.518,New Amsterdam Theatre,"New York, NY 10036",130.0,420.0,120.0,98.0,894.0,
163,Clyde's - New York,https://seatgeek.com/clydes-new-york-tickets/helen-hayes-theatre-2021-11-21-2-pm/broadway/5539105,2021-11-21T14:00:00,0.544,0.345,Helen Hayes Theatre,"New York, NY 10036",20.0,1026.0,643.0,643.0,1409.0,
164,Six the Musical - New York,https://seatgeek.com/six-the-musical-new-york-tickets/brooks-atkinson-theatre-2021-11-21-2-pm/broadway/5484357,2021-11-21T14:00:00,0.661,0.503,Brooks Atkinson Theatre,"New York, NY 10036",12.0,1457.0,1135.0,811.0,1969.0,
165,Waitress - New York,https://seatgeek.com/waitress-new-york-tickets/barrymore-theatre-2021-11-21-2-pm/broadway/5447017,2021-11-21T14:00:00,0.608,0.436,Barrymore Theatre,"New York, NY 10036",85.0,418.0,149.0,149.0,675.0,
166,Blue Man Group - New York,https://seatgeek.com/blue-man-group-new-york-tickets/astor-place-2021-11-21-2-pm/broadway/5286127,2021-11-21T14:00:00,0.577,0.431,Astor Place,"New York, NY 10003",9.0,209.0,,112.0,534.0,
167,Radio City Christmas Spectacular - New York,https://seatgeek.com/radio-city-christmas-spectacular-new-york-tickets/radio-city-music-hall-2021-11-21-2-pm/broadway/5331222,2021-11-21T14:00:00,0.671,0.538,Radio City Music Hall,"New York, NY 10020",414.0,449.0,111.0,111.0,1664.0,
168,Jersey Boys - New York,https://seatgeek.com/jersey-boys-new-york-tickets/new-world-stages-2021-11-21-2-pm/broadway/5398758,2021-11-21T14:00:00,0.563,0.387,New World Stages,"New York, NY 10019",25.0,413.0,,158.0,791.0,
169,The Lehman Trilogy - New York,https://seatgeek.com/the-lehman-trilogy-new-york-tickets/nederlander-theatre-2021-11-21-2-pm/broadway/5418098,2021-11-21T14:00:00,0.563,0.384,Nederlander Theatre,"New York, NY 10036",87.0,807.0,163.0,86.0,2165.0,
170,The Book of Mormon,https://seatgeek.com/the-book-of-mormon-tickets/eugene-o-neill-theatre-2021-11-21-2-pm/broadway/5422911,2021-11-21T14:00:00,0.769,0.648,Eugene O'Neill Theatre,"New York, NY 10019",59.0,151.0,100.0,100.0,270.0,
171,Wicked - New York,https://seatgeek.com/wicked-new-york-tickets/gershwin-theatre-2021-11-21-2-pm/broadway/5405227,2021-11-21T14:00:00,0.599,0.45,Gershwin Theatre,"New York, NY 10019",143.0,449.0,168.0,168.0,922.0,
172,Chicago (Musical) - New York,https://seatgeek.com/chicago-musical-new-york-tickets/ambassador-theatre-2021-11-21-2-30-pm/broadway/5351356,2021-11-21T14:30:00,0.552,0.376,Ambassador Theatre,"New York, NY 10019",77.0,308.0,108.0,108.0,587.0,
173,Girl From The North Country - New York,https://seatgeek.com/girl-from-the-north-country-new-york-tickets/belasco-theatre-2021-11-21-3-pm/broadway/5414213,2021-11-21T15:00:00,0.528,0.342,Belasco Theatre,"New York, NY 10036",78.0,670.0,137.0,137.0,1473.0,
174,Jagged Little Pill - New York,https://seatgeek.com/jagged-little-pill-new-york-tickets/broadhurst-theatre-2021-11-21-3-pm/broadway/5351769,2021-11-21T15:00:00,0.521,0.339,Broadhurst Theatre,"New York, NY 10036",94.0,592.0,119.0,119.0,1313.0,
175,TINA - The Tina Turner Musical - New York,https://seatgeek.com/tina-the-tina-turner-musical-new-york-tickets/lunt-fontanne-theatre-2021-11-21-3-pm/broadway/5406636,2021-11-21T15:00:00,0.567,0.393,Lunt-Fontanne Theatre,"New York, NY 10036",143.0,489.0,151.0,151.0,1299.0,
176,Hadestown,https://seatgeek.com/hadestown-tickets/walter-kerr-theatre-2021-11-21-3-pm/broadway/5383422,2021-11-21T15:00:00,0.798,0.676,Walter Kerr Theatre,"New York, NY 10036",3.0,321.0,,321.0,321.0,
177,Flying Over Sunset - New York,https://seatgeek.com/flying-over-sunset-new-york-tickets/lincoln-center-theater-vivian-beaumont-2021-11-21-3-pm/broadway/5529726,2021-11-21T15:00:00,0.549,0.352,Lincoln Center Theater-Vivian Beaumont,"New York, NY 10023",73.0,652.0,165.0,164.0,1184.0,
178,"Caroline, or Change - New York",https://seatgeek.com/caroline-or-change-new-york-tickets/studio-54-2021-11-21-3-pm/broadway/5485197,2021-11-21T15:00:00,0.535,0.342,Studio 54,"New York, NY 10019",55.0,562.0,137.0,132.0,1248.0,
179,Perfect Crime - New York,https://seatgeek.com/perfect-crime-new-york-tickets/the-theater-center-1-2021-11-21-3-pm/broadway/5520843,2021-11-21T15:00:00,0.53,0.335,The Theater Center,"New York, NY 10019",3.0,101.0,69.0,69.0,127.0,
180,David Byrne's American Utopia,https://seatgeek.com/david-byrnes-american-utopia-tickets/st-james-theatre-2021-11-21-3-pm/broadway/5424177,2021-11-21T15:00:00,0.804,0.676,St. James Theatre,"New York, NY 10036",134.0,183.0,68.0,68.0,321.0,
181,Chicken and Biscuits - New York,https://seatgeek.com/chicken-and-biscuits-new-york-tickets/circle-in-the-square-theatre-2021-11-21-3-pm/broadway/5529666,2021-11-21T15:00:00,0.537,0.338,Circle In The Square Theatre,"New York, NY 10019",33.0,414.0,173.0,173.0,660.0,
182,The Office! A Musical Parody - New York,https://seatgeek.com/the-office-a-musical-parody-new-york-tickets/the-theater-center-1-2021-11-21-5-pm/broadway/5521682,2021-11-21T17:00:00,0.532,0.335,The Theater Center,"New York, NY 10019",8.0,95.0,,61.0,155.0,
183,Blue Man Group - New York,https://seatgeek.com/blue-man-group-new-york-tickets/astor-place-2021-11-21-5-pm/broadway/5286114,2021-11-21T17:00:00,0.581,0.431,Astor Place,"New York, NY 10003",19.0,212.0,,112.0,606.0,
184,Radio City Christmas Spectacular - New York,https://seatgeek.com/radio-city-christmas-spectacular-new-york-tickets/radio-city-music-hall-2021-11-21-5-pm/broadway/5331319,2021-11-21T17:00:00,0.674,0.538,Radio City Music Hall,"New York, NY 10020",394.0,416.0,101.0,101.0,2130.0,
185,Six the Musical - New York,https://seatgeek.com/six-the-musical-new-york-tickets/brooks-atkinson-theatre-2021-11-21-6-pm/broadway/5484358,2021-11-21T18:00:00,0.564,0.372,Brooks Atkinson Theatre,"New York, NY 10036",79.0,1152.0,450.0,393.0,1918.0,
186,The Lion King - New York,https://seatgeek.com/the-lion-king-new-york-tickets/minskoff-theatre-2021-11-21-6-30-pm/broadway/5315656,2021-11-21T18:30:00,0.594,0.443,Minskoff Theatre,"New York, NY 10036",94.0,535.0,175.0,175.0,1136.0,
187,Aladdin - New York,https://seatgeek.com/aladdin-new-york-tickets/new-amsterdam-theatre-2021-11-21-6-30-pm/broadway/5315201,2021-11-21T18:30:00,0.644,0.511,New Amsterdam Theatre,"New York, NY 10036",105.0,448.0,106.0,106.0,894.0,
188,Waitress - New York,https://seatgeek.com/waitress-new-york-tickets/barrymore-theatre-2021-11-21-7-pm/broadway/5534636,2021-11-21T19:00:00,0.578,0.4,Barrymore Theatre,"New York, NY 10036",17.0,273.0,163.0,143.0,574.0,
189,Wicked - New York,https://seatgeek.com/wicked-new-york-tickets/gershwin-theatre-2021-11-21-7-pm/broadway/5405232,2021-11-21T19:00:00,0.598,0.451,Gershwin Theatre,"New York, NY 10019",124.0,513.0,187.0,187.0,1622.0,
190,The Book of Mormon,https://seatgeek.com/the-book-of-mormon-tickets/eugene-o-neill-theatre-2021-11-21-7-pm/broadway/5422913,2021-11-21T19:00:00,0.766,0.648,Eugene O'Neill Theatre,"New York, NY 10019",67.0,148.0,100.0,100.0,195.0,
191,Chicago (Musical) - New York,https://seatgeek.com/chicago-musical-new-york-tickets/ambassador-theatre-2021-11-21-7-pm/broadway/5351351,2021-11-21T19:00:00,0.554,0.384,Ambassador Theatre,"New York, NY 10019",77.0,317.0,125.0,113.0,595.0,
192,Clyde's - New York,https://seatgeek.com/clydes-new-york-tickets/helen-hayes-theatre-2021-11-21-7-pm/broadway/5539106,2021-11-21T19:00:00,0.553,0.359,Helen Hayes Theatre,"New York, NY 10036",20.0,1039.0,643.0,643.0,1445.0,
193,Little Shop of Horrors - New York,https://seatgeek.com/little-shop-of-horrors-new-york-tickets/westside-theatre-upstairs-1-2021-11-21-7-30-pm/broadway/5406221,2021-11-21T19:30:00,0.67,0.531,Westside Theatre Upstairs,"New York, NY 10036",1.0,228.0,,228.0,228.0,
194,Perfect Crime - New York,https://seatgeek.com/perfect-crime-new-york-tickets/the-theater-center-1-2021-11-21-7-30-pm/broadway/5520846,2021-11-21T19:30:00,0.533,0.34,The Theater Center,"New York, NY 10019",3.0,99.0,68.0,68.0,127.0,
195,Radio City Christmas Spectacular - New York,https://seatgeek.com/radio-city-christmas-spectacular-new-york-tickets/radio-city-music-hall-2021-11-22-2-pm/broadway/5331353,2021-11-22T14:00:00,0.656,0.525,Radio City Music Hall,"New York, NY 10020",435.0,388.0,107.0,107.0,1265.0,
196,The Lehman Trilogy - New York,https://seatgeek.com/the-lehman-trilogy-new-york-tickets/nederlander-theatre-2021-11-22-7-pm/broadway/5418173,2021-11-22T19:00:00,0.595,0.435,Nederlander Theatre,"New York, NY 10036",128.0,612.0,140.0,114.0,2165.0,
197,Come From Away - New York,https://seatgeek.com/come-from-away-new-york-tickets/gerald-schoenfeld-theatre-2021-11-22-7-pm/broadway/5406903,2021-11-22T19:00:00,0.619,0.468,Gerald Schoenfeld Theatre,"New York, NY 10036",88.0,477.0,109.0,109.0,987.0,
198,Waitress - New York,https://seatgeek.com/waitress-new-york-tickets/barrymore-theatre-2021-11-22-7-pm/broadway/5447016,2021-11-22T19:00:00,0.587,0.419,Barrymore Theatre,"New York, NY 10036",88.0,484.0,132.0,132.0,922.0,
199,Jersey Boys - New York,https://seatgeek.com/jersey-boys-new-york-tickets/new-world-stages-2021-11-22-7-pm/broadway/5398757,2021-11-22T19:00:00,0.544,0.372,New World Stages,"New York, NY 10019",19.0,460.0,,144.0,791.0,
